{
  "values": [
    {
      "id": "players:dead_alive_events",
      "required": false
    },
    {
      "id": "extras:organ_grinder/silence_levers",
      "required": false
    },
    {
      "id": "extras:organ_grinder/hide_ghost_votes/og_hgv_particles",
      "required": false
    },
    {
      "id": "players:set_signs",
      "required": false
    },
    {
      "id": "setup:voice_groups",
      "required": false
    },
    {
      "id": "setup:fm_player_colours",
      "required": false
    }
  ]
}